{"cameraMode":{"drawMode":0,"name":"Shaded","section":"Shading Mode"},"sceneLighting":false,"audioPlay":false,"sceneViewState":{"m_AlwaysRefresh":false,"showFog":true,"showSkybox":false,"showFlares":true,"showImageEffects":true,"showParticleSystems":true,"showVisualEffectGraphs":true,"m_FxEnabled":true},"in2DMode":false,"pivot":{"x":-1.1799999475479127,"y":0.20294927060604096,"z":2.464822292327881},"rotation":{"x":-0.05218177288770676,"y":-0.9464056491851807,"z":0.19726963341236115,"w":-0.2503489553928375},"size":0.34130188822746279,"orthographic":true}