{"cameraMode":{"drawMode":0,"name":"Shaded","section":"Shading Mode"},"sceneLighting":false,"audioPlay":false,"sceneViewState":{"m_AlwaysRefresh":false,"showFog":true,"showSkybox":false,"showFlares":true,"showImageEffects":true,"showParticleSystems":true,"showVisualEffectGraphs":true,"m_FxEnabled":true},"in2DMode":false,"pivot":{"x":-0.1414930820465088,"y":1.061197280883789,"z":-0.3537321090698242},"rotation":{"x":0.14507976174354554,"y":0.47111061215400698,"z":-0.07888123393058777,"w":0.8664751648902893},"size":2.0134801864624025,"orthographic":true}