{"cameraMode":{"drawMode":0,"name":"Shaded","section":"Shading Mode"},"sceneLighting":false,"audioPlay":false,"sceneViewState":{"m_AlwaysRefresh":false,"showFog":true,"showSkybox":false,"showFlares":true,"showImageEffects":true,"showParticleSystems":true,"showVisualEffectGraphs":true,"m_FxEnabled":true},"in2DMode":false,"pivot":{"x":0.3805420398712158,"y":3.533703327178955,"z":0.0384516716003418},"rotation":{"x":0.14507976174354554,"y":0.47111061215400698,"z":-0.07888123393058777,"w":0.8664751648902893},"size":9.166048049926758,"orthographic":true}