{"cameraMode":{"drawMode":0,"name":"Shaded","section":"Shading Mode"},"sceneLighting":false,"audioPlay":false,"sceneViewState":{"m_AlwaysRefresh":false,"showFog":true,"showSkybox":false,"showFlares":true,"showImageEffects":true,"showParticleSystems":true,"showVisualEffectGraphs":true,"m_FxEnabled":true},"in2DMode":false,"pivot":{"x":4.413641929626465,"y":0.2999996542930603,"z":-0.16975879669189454},"rotation":{"x":0.14507976174354554,"y":0.47111061215400698,"z":-0.07888123393058777,"w":0.8664751648902893},"size":0.8660253882408142,"orthographic":true}