{"cameraMode":{"drawMode":0,"name":"Shaded","section":"Shading Mode"},"sceneLighting":false,"audioPlay":false,"sceneViewState":{"m_AlwaysRefresh":false,"showFog":true,"showSkybox":false,"showFlares":true,"showImageEffects":true,"showParticleSystems":true,"showVisualEffectGraphs":true,"m_FxEnabled":true},"in2DMode":false,"pivot":{"x":-2.7899999618530275,"y":0.20294927060604096,"z":-0.03517770767211914},"rotation":{"x":0.03687271848320961,"y":0.029976140707731248,"z":-0.0011069896863773466,"w":0.998867928981781},"size":0.34130188822746279,"orthographic":true}