{"cameraMode":{"drawMode":0,"name":"Shaded","section":"Shading Mode"},"sceneLighting":false,"audioPlay":false,"sceneViewState":{"m_AlwaysRefresh":false,"showFog":true,"showSkybox":false,"showFlares":true,"showImageEffects":true,"showParticleSystems":true,"showVisualEffectGraphs":true,"m_FxEnabled":true},"in2DMode":false,"pivot":{"x":4.413641929626465,"y":0.2999996542930603,"z":-0.16975879669189454},"rotation":{"x":0.02017328143119812,"y":-0.7908477187156677,"z":0.026105478405952455,"w":0.6111204028129578},"size":0.8660253882408142,"orthographic":true}